mean_fit_time,std_fit_time,mean_score_time,std_score_time,param_model__activation,param_model__dropout_rate,param_model__learning_rate,param_model__n_layers,param_model__n_neurons,param_model__optimizer,params,split0_test_score,split1_test_score,split2_test_score,split3_test_score,split4_test_score,mean_test_score,std_test_score,rank_test_score
0.39876413345336914,0.051288448088033615,0.05829615592956543,0.0008820198377299857,relu,0.0,0.0005,1,16,rmsprop,"{'model__activation': 'relu', 'model__dropout_rate': 0.0, 'model__learning_rate': 0.0005, 'model__n_layers': 1, 'model__n_neurons': 16, 'model__optimizer': 'rmsprop'}",0.8640776699029126,0.8511326860841424,0.8478964401294499,0.8636363636363636,0.8798701298701299,0.8613226579245996,0.011322993341724069,27
0.42923474311828613,0.005694092320509306,0.0952073574066162,0.06148198620666376,relu,0.0,0.0005,2,16,rmsprop,"{'model__activation': 'relu', 'model__dropout_rate': 0.0, 'model__learning_rate': 0.0005, 'model__n_layers': 2, 'model__n_neurons': 16, 'model__optimizer': 'rmsprop'}",0.8770226537216829,0.8414239482200647,0.8867313915857605,0.6331168831168831,0.8474025974025974,0.8171394948093976,0.0935937353548851,50
0.47781667709350584,0.00265311062547803,0.06940803527832032,0.0005689630602727112,relu,0.0,0.0005,3,16,rmsprop,"{'model__activation': 'relu', 'model__dropout_rate': 0.0, 'model__learning_rate': 0.0005, 'model__n_layers': 3, 'model__n_neurons': 16, 'model__optimizer': 'rmsprop'}",0.8478964401294499,0.8446601941747572,0.8802588996763754,0.8246753246753247,0.8474025974025974,0.848978691211701,0.017840458639581912,36
0.41635284423828123,0.07693875784043175,0.05884370803833008,0.0012361888563088765,relu,0.0,0.0001,1,16,rmsprop,"{'model__activation': 'relu', 'model__dropout_rate': 0.0, 'model__learning_rate': 0.0001, 'model__n_layers': 1, 'model__n_neurons': 16, 'model__optimizer': 'rmsprop'}",0.6116504854368932,0.6796116504854369,0.6796116504854369,0.6883116883116883,0.5974025974025974,0.6513176144244105,0.0386004576102342,87
0.4299170017242432,0.003263723166969822,0.06433329582214356,0.0006603180397732165,relu,0.0,0.0001,2,16,rmsprop,"{'model__activation': 'relu', 'model__dropout_rate': 0.0, 'model__learning_rate': 0.0001, 'model__n_layers': 2, 'model__n_neurons': 16, 'model__optimizer': 'rmsprop'}",0.7184466019417476,0.5954692556634305,0.5469255663430421,0.7402597402597403,0.6493506493506493,0.6500903627117219,0.07270499268949583,88
0.5264330863952636,0.09715492954927044,0.07040386199951172,0.0010326125211609532,relu,0.0,0.0001,3,16,rmsprop,"{'model__activation': 'relu', 'model__dropout_rate': 0.0, 'model__learning_rate': 0.0001, 'model__n_layers': 3, 'model__n_neurons': 16, 'model__optimizer': 'rmsprop'}",0.6472491909385113,0.5372168284789643,0.5566343042071198,0.487012987012987,0.6785714285714286,0.5813369478418021,0.07106726835100502,110
0.3763604164123535,0.001713165774151151,0.05886373519897461,0.0010759010754954157,relu,0.0,0.005,1,16,rmsprop,"{'model__activation': 'relu', 'model__dropout_rate': 0.0, 'model__learning_rate': 0.005, 'model__n_layers': 1, 'model__n_neurons': 16, 'model__optimizer': 'rmsprop'}",0.883495145631068,0.8770226537216829,0.9255663430420712,0.8538961038961039,0.8701298701298701,0.8820220232841592,0.023898795855519222,3
0.4233048439025879,0.0011116542150535454,0.06469478607177734,0.0012038661431869341,relu,0.0,0.005,2,16,rmsprop,"{'model__activation': 'relu', 'model__dropout_rate': 0.0, 'model__learning_rate': 0.005, 'model__n_layers': 2, 'model__n_neurons': 16, 'model__optimizer': 'rmsprop'}",0.9158576051779935,0.8478964401294499,0.8543689320388349,0.8571428571428571,0.8214285714285714,0.8593388811835414,0.03095806880618823,29
0.5419661521911621,0.11308590959216766,0.0717376708984375,0.0010019666615932242,relu,0.0,0.005,3,16,rmsprop,"{'model__activation': 'relu', 'model__dropout_rate': 0.0, 'model__learning_rate': 0.005, 'model__n_layers': 3, 'model__n_neurons': 16, 'model__optimizer': 'rmsprop'}",0.8640776699029126,0.8349514563106796,0.7896440129449838,0.8831168831168831,0.8376623376623377,0.8418904719875593,0.03158356619149494,40
0.38195128440856935,0.004901949601465663,0.05887017250061035,0.0012600032318574239,relu,0.0,0.001,1,16,rmsprop,"{'model__activation': 'relu', 'model__dropout_rate': 0.0, 'model__learning_rate': 0.001, 'model__n_layers': 1, 'model__n_neurons': 16, 'model__optimizer': 'rmsprop'}",0.8705501618122977,0.8446601941747572,0.8867313915857605,0.8571428571428571,0.8603896103896104,0.8638948430210565,0.0140971550598093,24
0.4334251403808594,0.009745482251971003,0.12680530548095703,0.12401439215971406,relu,0.0,0.001,2,16,rmsprop,"{'model__activation': 'relu', 'model__dropout_rate': 0.0, 'model__learning_rate': 0.001, 'model__n_layers': 2, 'model__n_neurons': 16, 'model__optimizer': 'rmsprop'}",0.8673139158576052,0.8705501618122977,0.8932038834951457,0.8701298701298701,0.9058441558441559,0.8814083974278148,0.01536229572929728,4
0.5034060001373291,0.025714839297639236,0.07420291900634765,0.005372464017647929,relu,0.0,0.001,3,16,rmsprop,"{'model__activation': 'relu', 'model__dropout_rate': 0.0, 'model__learning_rate': 0.001, 'model__n_layers': 3, 'model__n_neurons': 16, 'model__optimizer': 'rmsprop'}",0.8932038834951457,0.8543689320388349,0.8802588996763754,0.8831168831168831,0.8831168831168831,0.8788130962888244,0.012990361287171973,7
0.3756998538970947,0.0038862866051245968,0.05912361145019531,0.0006852946238484591,relu,0.0,0.05,1,16,rmsprop,"{'model__activation': 'relu', 'model__dropout_rate': 0.0, 'model__learning_rate': 0.05, 'model__n_layers': 1, 'model__n_neurons': 16, 'model__optimizer': 'rmsprop'}",0.9061488673139159,0.86084142394822,0.5760517799352751,0.5324675324675324,0.8474025974025974,0.7445824402135082,0.15721778775400028,69
0.5098554134368897,0.14754289817662622,0.06597657203674316,0.0019142305757706398,relu,0.0,0.05,2,16,rmsprop,"{'model__activation': 'relu', 'model__dropout_rate': 0.0, 'model__learning_rate': 0.05, 'model__n_layers': 2, 'model__n_neurons': 16, 'model__optimizer': 'rmsprop'}",0.6343042071197411,0.7087378640776699,0.7993527508090615,0.5551948051948052,0.5324675324675324,0.646011431933762,0.09871686915113025,90
0.4806755542755127,0.0035634274930528313,0.07276315689086914,0.0013653964329289011,relu,0.0,0.05,3,16,rmsprop,"{'model__activation': 'relu', 'model__dropout_rate': 0.0, 'model__learning_rate': 0.05, 'model__n_layers': 3, 'model__n_neurons': 16, 'model__optimizer': 'rmsprop'}",0.511326860841424,0.4692556634304207,0.49838187702265374,0.8733766233766234,0.7824675324675324,0.6269617114277308,0.16713931869475102,94
0.3751087665557861,0.0008939941552377253,0.05897555351257324,0.0006789069342437441,relu,0.0,0.01,1,16,rmsprop,"{'model__activation': 'relu', 'model__dropout_rate': 0.0, 'model__learning_rate': 0.01, 'model__n_layers': 1, 'model__n_neurons': 16, 'model__optimizer': 'rmsprop'}",0.9029126213592233,0.8640776699029126,0.8478964401294499,0.8928571428571429,0.8344155844155844,0.8684318917328626,0.026012638435400522,16
0.428263521194458,0.0030623704944676877,0.06452546119689942,0.0005888590358350113,relu,0.0,0.01,2,16,rmsprop,"{'model__activation': 'relu', 'model__dropout_rate': 0.0, 'model__learning_rate': 0.01, 'model__n_layers': 2, 'model__n_neurons': 16, 'model__optimizer': 'rmsprop'}",0.883495145631068,0.8349514563106796,0.9093851132686084,0.8409090909090909,0.711038961038961,0.8359559534316816,0.06823725358351752,44
0.5762097835540771,0.17630439067891673,0.07208790779113769,0.00047474740826843243,relu,0.0,0.01,3,16,rmsprop,"{'model__activation': 'relu', 'model__dropout_rate': 0.0, 'model__learning_rate': 0.01, 'model__n_layers': 3, 'model__n_neurons': 16, 'model__optimizer': 'rmsprop'}",0.8640776699029126,0.8446601941747572,0.8770226537216829,0.8409090909090909,0.827922077922078,0.8509183373261043,0.017451536806046834,34
0.38018321990966797,0.0033379108288862126,0.06092362403869629,0.0019052299140277075,relu,0.0,0.1,1,16,rmsprop,"{'model__activation': 'relu', 'model__dropout_rate': 0.0, 'model__learning_rate': 0.1, 'model__n_layers': 1, 'model__n_neurons': 16, 'model__optimizer': 'rmsprop'}",0.5307443365695793,0.7928802588996764,0.7993527508090615,0.8668831168831169,0.8246753246753247,0.7629071575673517,0.11895591629454487,63
0.4275043964385986,0.0015389588786092051,0.06423001289367676,0.0005770019137787202,relu,0.0,0.1,2,16,rmsprop,"{'model__activation': 'relu', 'model__dropout_rate': 0.0, 'model__learning_rate': 0.1, 'model__n_layers': 2, 'model__n_neurons': 16, 'model__optimizer': 'rmsprop'}",0.7508090614886731,0.7281553398058253,0.7864077669902912,0.5909090909090909,0.8538961038961039,0.742035472617997,0.08670699918089575,71
0.5839285373687744,0.20522433332503093,0.06975436210632324,0.0018481431652933153,relu,0.0,0.1,3,16,rmsprop,"{'model__activation': 'relu', 'model__dropout_rate': 0.0, 'model__learning_rate': 0.1, 'model__n_layers': 3, 'model__n_neurons': 16, 'model__optimizer': 'rmsprop'}",0.5307443365695793,0.7249190938511327,0.7669902912621359,0.4837662337662338,0.577922077922078,0.6168684066742319,0.11032850188334567,97
0.41308207511901857,0.0026773146517315377,0.05993862152099609,0.000602598294524,relu,0.1,0.0005,1,16,rmsprop,"{'model__activation': 'relu', 'model__dropout_rate': 0.1, 'model__learning_rate': 0.0005, 'model__n_layers': 1, 'model__n_neurons': 16, 'model__optimizer': 'rmsprop'}",0.8576051779935275,0.86084142394822,0.8802588996763754,0.814935064935065,0.8603896103896104,0.8548060353885596,0.021508045050812018,32
0.4837055206298828,0.0038622558155500743,0.06574692726135253,0.0016538270172437829,relu,0.1,0.0005,2,16,rmsprop,"{'model__activation': 'relu', 'model__dropout_rate': 0.1, 'model__learning_rate': 0.0005, 'model__n_layers': 2, 'model__n_neurons': 16, 'model__optimizer': 'rmsprop'}",0.8478964401294499,0.8349514563106796,0.8867313915857605,0.7662337662337663,0.8766233766233766,0.8424872861766065,0.04248166784949314,39
0.5567920684814454,0.001861208540381699,0.07001876831054688,0.000986618566082243,relu,0.1,0.0005,3,16,rmsprop,"{'model__activation': 'relu', 'model__dropout_rate': 0.1, 'model__learning_rate': 0.0005, 'model__n_layers': 3, 'model__n_neurons': 16, 'model__optimizer': 'rmsprop'}",0.7443365695792881,0.8381877022653722,0.47896440129449835,0.7207792207792207,0.8214285714285714,0.7207392930693901,0.12879781903807747,73
0.5235641479492188,0.23283273648322234,0.05954122543334961,0.0010706502451347068,relu,0.1,0.0001,1,16,rmsprop,"{'model__activation': 'relu', 'model__dropout_rate': 0.1, 'model__learning_rate': 0.0001, 'model__n_layers': 1, 'model__n_neurons': 16, 'model__optimizer': 'rmsprop'}",0.6731391585760518,0.7152103559870551,0.7572815533980582,0.7012987012987013,0.6915584415584416,0.7076976421636616,0.028322126157958635,78
0.49306612014770507,0.006462253161011837,0.06645798683166504,0.0010034128178658041,relu,0.1,0.0001,2,16,rmsprop,"{'model__activation': 'relu', 'model__dropout_rate': 0.1, 'model__learning_rate': 0.0001, 'model__n_layers': 2, 'model__n_neurons': 16, 'model__optimizer': 'rmsprop'}",0.6019417475728155,0.6407766990291263,0.6763754045307443,0.698051948051948,0.6623376623376623,0.6558966923044592,0.03279536428885232,86
0.5613014698028564,0.003119451228454155,0.07113938331604004,0.0009338085845481378,relu,0.1,0.0001,3,16,rmsprop,"{'model__activation': 'relu', 'model__dropout_rate': 0.1, 'model__learning_rate': 0.0001, 'model__n_layers': 3, 'model__n_neurons': 16, 'model__optimizer': 'rmsprop'}",0.6213592233009708,0.5339805825242718,0.6440129449838188,0.6298701298701299,0.538961038961039,0.593636783928046,0.047259805457251385,104
0.4019042491912842,0.0020705601237759664,0.05920000076293945,0.0006530637738519412,relu,0.1,0.005,1,16,rmsprop,"{'model__activation': 'relu', 'model__dropout_rate': 0.1, 'model__learning_rate': 0.005, 'model__n_layers': 1, 'model__n_neurons': 16, 'model__optimizer': 'rmsprop'}",0.919093851132686,0.8446601941747572,0.8996763754045307,0.8766233766233766,0.8766233766233766,0.8833354347917453,0.02502625967185544,2
0.4793600559234619,0.0011745318822879306,0.06444549560546875,0.0004454868599630619,relu,0.1,0.005,2,16,rmsprop,"{'model__activation': 'relu', 'model__dropout_rate': 0.1, 'model__learning_rate': 0.005, 'model__n_layers': 2, 'model__n_neurons': 16, 'model__optimizer': 'rmsprop'}",0.8932038834951457,0.8478964401294499,0.9029126213592233,0.8116883116883117,0.8863636363636364,0.8684129786071534,0.03395778737561368,17
0.7119185924530029,0.2688806662711828,0.07316713333129883,0.0015871935879640353,relu,0.1,0.005,3,16,rmsprop,"{'model__activation': 'relu', 'model__dropout_rate': 0.1, 'model__learning_rate': 0.005, 'model__n_layers': 3, 'model__n_neurons': 16, 'model__optimizer': 'rmsprop'}",0.8932038834951457,0.8349514563106796,0.8317152103559871,0.8863636363636364,0.9025974025974026,0.8697663178245701,0.03020805176249446,12
0.4083127498626709,0.003882228411550857,0.059456396102905276,0.0010828108167282862,relu,0.1,0.001,1,16,rmsprop,"{'model__activation': 'relu', 'model__dropout_rate': 0.1, 'model__learning_rate': 0.001, 'model__n_layers': 1, 'model__n_neurons': 16, 'model__optimizer': 'rmsprop'}",0.8996763754045307,0.8576051779935275,0.86084142394822,0.8538961038961039,0.8766233766233766,0.8697284915731517,0.016858436395525714,14
0.48214073181152345,0.0018191280927357366,0.06511311531066895,0.0012812542427124672,relu,0.1,0.001,2,16,rmsprop,"{'model__activation': 'relu', 'model__dropout_rate': 0.1, 'model__learning_rate': 0.001, 'model__n_layers': 2, 'model__n_neurons': 16, 'model__optimizer': 'rmsprop'}",0.86084142394822,0.8446601941747572,0.8932038834951457,0.8441558441558441,0.8766233766233766,0.8638969444794687,0.018920668907690404,23
0.5558488368988037,0.0012218571121973031,0.07034640312194824,0.0005066946313797132,relu,0.1,0.001,3,16,rmsprop,"{'model__activation': 'relu', 'model__dropout_rate': 0.1, 'model__learning_rate': 0.001, 'model__n_layers': 3, 'model__n_neurons': 16, 'model__optimizer': 'rmsprop'}",0.8737864077669902,0.8770226537216829,0.8737864077669902,0.827922077922078,0.8798701298701299,0.8664775354095744,0.019410943505895888,21
0.40259952545166017,0.004426983080687286,0.21124053001403809,0.30575324923493885,relu,0.1,0.05,1,16,rmsprop,"{'model__activation': 'relu', 'model__dropout_rate': 0.1, 'model__learning_rate': 0.05, 'model__n_layers': 1, 'model__n_neurons': 16, 'model__optimizer': 'rmsprop'}",0.6731391585760518,0.6990291262135923,0.7896440129449838,0.7142857142857143,0.8506493506493507,0.7453494725339386,0.06538337960519307,67
0.5047415256500244,0.010940146561965706,0.07180924415588379,0.009245053853645917,relu,0.1,0.05,2,16,rmsprop,"{'model__activation': 'relu', 'model__dropout_rate': 0.1, 'model__learning_rate': 0.05, 'model__n_layers': 2, 'model__n_neurons': 16, 'model__optimizer': 'rmsprop'}",0.5307443365695793,0.8511326860841424,0.8381877022653722,0.7337662337662337,0.8701298701298701,0.7647921657630394,0.12623677514535878,62
0.5665420532226563,0.0037651661815667884,0.07161211967468262,0.0007037211343153366,relu,0.1,0.05,3,16,rmsprop,"{'model__activation': 'relu', 'model__dropout_rate': 0.1, 'model__learning_rate': 0.05, 'model__n_layers': 3, 'model__n_neurons': 16, 'model__optimizer': 'rmsprop'}",0.8770226537216829,0.598705501618123,0.5339805825242718,0.8506493506493507,0.4675324675324675,0.6655781112091792,0.16731532546366404,84
0.4066447734832764,0.0036589250789628163,0.0598106861114502,0.0009188597896240231,relu,0.1,0.01,1,16,rmsprop,"{'model__activation': 'relu', 'model__dropout_rate': 0.1, 'model__learning_rate': 0.01, 'model__n_layers': 1, 'model__n_neurons': 16, 'model__optimizer': 'rmsprop'}",0.8576051779935275,0.8511326860841424,0.9061488673139159,0.8928571428571429,0.8928571428571429,0.8801202034211743,0.021675576706536227,6
0.4801028251647949,0.0016917714628034753,0.06390495300292968,0.0003334590604865055,relu,0.1,0.01,2,16,rmsprop,"{'model__activation': 'relu', 'model__dropout_rate': 0.1, 'model__learning_rate': 0.01, 'model__n_layers': 2, 'model__n_neurons': 16, 'model__optimizer': 'rmsprop'}",0.8867313915857605,0.8802588996763754,0.8705501618122977,0.8538961038961039,0.8928571428571429,0.8768587399655361,0.013653278322281514,10
0.5658448696136474,0.008930534559583623,0.0704495906829834,0.0007314314422671833,relu,0.1,0.01,3,16,rmsprop,"{'model__activation': 'relu', 'model__dropout_rate': 0.1, 'model__learning_rate': 0.01, 'model__n_layers': 3, 'model__n_neurons': 16, 'model__optimizer': 'rmsprop'}",0.883495145631068,0.8705501618122977,0.7896440129449838,0.9025974025974026,0.8896103896103896,0.8671794225192283,0.04011704385757413,19
0.5911693096160888,0.3344362874965396,0.06178750991821289,0.0018982095193999149,relu,0.1,0.1,1,16,rmsprop,"{'model__activation': 'relu', 'model__dropout_rate': 0.1, 'model__learning_rate': 0.1, 'model__n_layers': 1, 'model__n_neurons': 16, 'model__optimizer': 'rmsprop'}",0.5307443365695793,0.8673139158576052,0.9288025889967637,0.6525974025974026,0.8733766233766234,0.7705669734795949,0.15257786328176354,58
0.49269857406616213,0.0026605392212554774,0.06779160499572753,0.001209617083773018,relu,0.1,0.1,2,16,rmsprop,"{'model__activation': 'relu', 'model__dropout_rate': 0.1, 'model__learning_rate': 0.1, 'model__n_layers': 2, 'model__n_neurons': 16, 'model__optimizer': 'rmsprop'}",0.5307443365695793,0.6763754045307443,0.5339805825242718,0.5324675324675324,0.672077922077922,0.58912915563401,0.069502658300534,106
0.5645943641662597,0.00438689554410978,0.0721555233001709,0.0006757464505697681,relu,0.1,0.1,3,16,rmsprop,"{'model__activation': 'relu', 'model__dropout_rate': 0.1, 'model__learning_rate': 0.1, 'model__n_layers': 3, 'model__n_neurons': 16, 'model__optimizer': 'rmsprop'}",0.5145631067961165,0.5598705501618123,0.5339805825242718,0.5551948051948052,0.8181818181818182,0.5963581725717649,0.11208291188227767,102
0.4014760494232178,0.0014466468200171252,0.059662246704101564,0.00109884535700471,relu,0.2,0.0005,1,16,rmsprop,"{'model__activation': 'relu', 'model__dropout_rate': 0.2, 'model__learning_rate': 0.0005, 'model__n_layers': 1, 'model__n_neurons': 16, 'model__optimizer': 'rmsprop'}",0.8673139158576052,0.8543689320388349,0.8640776699029126,0.8344155844155844,0.8961038961038961,0.8632559996637668,0.020034348749172138,25
0.4784706592559814,0.0035232854622505336,0.06448683738708497,0.00034685249606370994,relu,0.2,0.0005,2,16,rmsprop,"{'model__activation': 'relu', 'model__dropout_rate': 0.2, 'model__learning_rate': 0.0005, 'model__n_layers': 2, 'model__n_neurons': 16, 'model__optimizer': 'rmsprop'}",0.8220064724919094,0.8446601941747572,0.8187702265372169,0.7792207792207793,0.698051948051948,0.7925419240953221,0.05172660052761489,54
0.5571578025817872,0.0023802541521046015,0.07011041641235352,0.0007961122823729086,relu,0.2,0.0005,3,16,rmsprop,"{'model__activation': 'relu', 'model__dropout_rate': 0.2, 'model__learning_rate': 0.0005, 'model__n_layers': 3, 'model__n_neurons': 16, 'model__optimizer': 'rmsprop'}",0.6084142394822006,0.7508090614886731,0.8705501618122977,0.7597402597402597,0.7987012987012987,0.757643004244946,0.08573696432744371,66
0.6189324855804443,0.4147028044993964,0.06072502136230469,0.002699333935045401,relu,0.2,0.0001,1,16,rmsprop,"{'model__activation': 'relu', 'model__dropout_rate': 0.2, 'model__learning_rate': 0.0001, 'model__n_layers': 1, 'model__n_neurons': 16, 'model__optimizer': 'rmsprop'}",0.7216828478964401,0.6828478964401294,0.627831715210356,0.6525974025974026,0.737012987012987,0.684394569831463,0.04091924259640861,80
0.49895682334899905,0.004639656983707184,0.0671377182006836,0.000828723405161252,relu,0.2,0.0001,2,16,rmsprop,"{'model__activation': 'relu', 'model__dropout_rate': 0.2, 'model__learning_rate': 0.0001, 'model__n_layers': 2, 'model__n_neurons': 16, 'model__optimizer': 'rmsprop'}",0.5922330097087378,0.6310679611650486,0.5533980582524272,0.6623376623376623,0.4837662337662338,0.5845605850460218,0.06229234336864573,109
0.5671864509582519,0.0021525081217743025,0.0715092658996582,0.001056702995078424,relu,0.2,0.0001,3,16,rmsprop,"{'model__activation': 'relu', 'model__dropout_rate': 0.2, 'model__learning_rate': 0.0001, 'model__n_layers': 3, 'model__n_neurons': 16, 'model__optimizer': 'rmsprop'}",0.5307443365695793,0.5436893203883495,0.6310679611650486,0.5162337662337663,0.5422077922077922,0.5527886353129072,0.040359916227007436,119
0.40798125267028806,0.00406587905939239,0.05901908874511719,0.0005113547748863182,relu,0.2,0.005,1,16,rmsprop,"{'model__activation': 'relu', 'model__dropout_rate': 0.2, 'model__learning_rate': 0.005, 'model__n_layers': 1, 'model__n_neurons': 16, 'model__optimizer': 'rmsprop'}",0.8867313915857605,0.9029126213592233,0.8673139158576052,0.8409090909090909,0.8961038961038961,0.8787941831631152,0.022411609728701452,8
0.48128347396850585,0.00234314411090212,0.06435213088989258,0.000885902429375017,relu,0.2,0.005,2,16,rmsprop,"{'model__activation': 'relu', 'model__dropout_rate': 0.2, 'model__learning_rate': 0.005, 'model__n_layers': 2, 'model__n_neurons': 16, 'model__optimizer': 'rmsprop'}",0.9029126213592233,0.8381877022653722,0.8511326860841424,0.8344155844155844,0.8571428571428571,0.8567582902534359,0.024519709770565598,30
0.5585650444030762,0.003359746592912316,0.0703622817993164,0.0004913611850078043,relu,0.2,0.005,3,16,rmsprop,"{'model__activation': 'relu', 'model__dropout_rate': 0.2, 'model__learning_rate': 0.005, 'model__n_layers': 3, 'model__n_neurons': 16, 'model__optimizer': 'rmsprop'}",0.8673139158576052,0.8511326860841424,0.8446601941747572,0.8376623376623377,0.8084415584415584,0.8418421384440802,0.01937078541121936,41
0.4015482425689697,0.0023554311333522605,0.05845036506652832,0.0005112481946192574,relu,0.2,0.001,1,16,rmsprop,"{'model__activation': 'relu', 'model__dropout_rate': 0.2, 'model__learning_rate': 0.001, 'model__n_layers': 1, 'model__n_neurons': 16, 'model__optimizer': 'rmsprop'}",0.8996763754045307,0.8964401294498382,0.883495145631068,0.827922077922078,0.8993506493506493,0.8813768755516328,0.027374193376946535,5
0.7263192653656005,0.4917086317656078,0.06514172554016114,0.002453911609751887,relu,0.2,0.001,2,16,rmsprop,"{'model__activation': 'relu', 'model__dropout_rate': 0.2, 'model__learning_rate': 0.001, 'model__n_layers': 2, 'model__n_neurons': 16, 'model__optimizer': 'rmsprop'}",0.86084142394822,0.8705501618122977,0.8802588996763754,0.8603896103896104,0.8993506493506493,0.8742781490354308,0.014503341861842484,11
0.5848727226257324,0.006045975896682166,0.0732658863067627,0.0010466599583869914,relu,0.2,0.001,3,16,rmsprop,"{'model__activation': 'relu', 'model__dropout_rate': 0.2, 'model__learning_rate': 0.001, 'model__n_layers': 3, 'model__n_neurons': 16, 'model__optimizer': 'rmsprop'}",0.8155339805825242,0.6440129449838188,0.9029126213592233,0.8636363636363636,0.8116883116883117,0.8075568444500483,0.08839111656400518,52
0.41490702629089354,0.004631930409794064,0.06089153289794922,0.0004904532135794778,relu,0.2,0.05,1,16,rmsprop,"{'model__activation': 'relu', 'model__dropout_rate': 0.2, 'model__learning_rate': 0.05, 'model__n_layers': 1, 'model__n_neurons': 16, 'model__optimizer': 'rmsprop'}",0.5307443365695793,0.540453074433657,0.6537216828478964,0.7792207792207793,0.6168831168831169,0.6242045979910058,0.09022640078188043,95
0.4875621318817139,0.0030068870362739307,0.06628756523132324,0.0008831813979824727,relu,0.2,0.05,2,16,rmsprop,"{'model__activation': 'relu', 'model__dropout_rate': 0.2, 'model__learning_rate': 0.05, 'model__n_layers': 2, 'model__n_neurons': 16, 'model__optimizer': 'rmsprop'}",0.6181229773462783,0.8640776699029126,0.8349514563106796,0.5324675324675324,0.737012987012987,0.717326524608078,0.1263117340312844,76
0.5628227233886719,0.001976670063731767,0.07085628509521484,0.0010769227332911976,relu,0.2,0.05,3,16,rmsprop,"{'model__activation': 'relu', 'model__dropout_rate': 0.2, 'model__learning_rate': 0.05, 'model__n_layers': 3, 'model__n_neurons': 16, 'model__optimizer': 'rmsprop'}",0.5307443365695793,0.5307443365695793,0.8673139158576052,0.5324675324675324,0.7337662337662337,0.639007271046106,0.13848871935302662,92
0.40386381149291994,0.004192333924285376,0.05889153480529785,0.0003024962253642122,relu,0.2,0.01,1,16,rmsprop,"{'model__activation': 'relu', 'model__dropout_rate': 0.2, 'model__learning_rate': 0.01, 'model__n_layers': 1, 'model__n_neurons': 16, 'model__optimizer': 'rmsprop'}",0.8673139158576052,0.8511326860841424,0.8964401294498382,0.8896103896103896,0.8441558441558441,0.869730593031564,0.02056402635253527,13
0.48000497817993165,0.0017061635282401468,0.06440467834472656,0.00011116815878138323,relu,0.2,0.01,2,16,rmsprop,"{'model__activation': 'relu', 'model__dropout_rate': 0.2, 'model__learning_rate': 0.01, 'model__n_layers': 2, 'model__n_neurons': 16, 'model__optimizer': 'rmsprop'}",0.8446601941747572,0.7152103559870551,0.5372168284789643,0.8214285714285714,0.7922077922077922,0.742144748455428,0.1113755479713037,70
0.557488203048706,0.0021375757690131228,0.06989936828613282,0.0008580079803283395,relu,0.2,0.01,3,16,rmsprop,"{'model__activation': 'relu', 'model__dropout_rate': 0.2, 'model__learning_rate': 0.01, 'model__n_layers': 3, 'model__n_neurons': 16, 'model__optimizer': 'rmsprop'}",0.86084142394822,0.8478964401294499,0.8770226537216829,0.8311688311688312,0.8636363636363636,0.8561131425209094,0.015529945440228508,31
0.6796272754669189,0.551309352460929,0.05942468643188477,0.0020524558825276607,relu,0.2,0.1,1,16,rmsprop,"{'model__activation': 'relu', 'model__dropout_rate': 0.2, 'model__learning_rate': 0.1, 'model__n_layers': 1, 'model__n_neurons': 16, 'model__optimizer': 'rmsprop'}",0.5307443365695793,0.7378640776699029,0.5663430420711975,0.5487012987012987,0.4772727272727273,0.572185096456941,0.08804639410724477,114
0.5067514419555664,0.008765227675318375,0.06896905899047852,0.0018215589081816595,relu,0.2,0.1,2,16,rmsprop,"{'model__activation': 'relu', 'model__dropout_rate': 0.2, 'model__learning_rate': 0.1, 'model__n_layers': 2, 'model__n_neurons': 16, 'model__optimizer': 'rmsprop'}",0.6213592233009708,0.540453074433657,0.8058252427184466,0.5551948051948052,0.5324675324675324,0.6110599756230825,0.10229624397129264,100
0.5769865036010742,0.004233102731008824,0.07211771011352539,0.00042449554869840203,relu,0.2,0.1,3,16,rmsprop,"{'model__activation': 'relu', 'model__dropout_rate': 0.2, 'model__learning_rate': 0.1, 'model__n_layers': 3, 'model__n_neurons': 16, 'model__optimizer': 'rmsprop'}",0.5307443365695793,0.5307443365695793,0.5339805825242718,0.4772727272727273,0.5324675324675324,0.5210419030807381,0.021917890476732628,126
0.4104182720184326,0.00377203159554834,0.06092748641967773,0.002030039716774196,relu,0.3,0.0005,1,16,rmsprop,"{'model__activation': 'relu', 'model__dropout_rate': 0.3, 'model__learning_rate': 0.0005, 'model__n_layers': 1, 'model__n_neurons': 16, 'model__optimizer': 'rmsprop'}",0.8349514563106796,0.8317152103559871,0.8673139158576052,0.8344155844155844,0.8246753246753247,0.838614298323036,0.014809497343551758,43
0.4849369525909424,0.0022855453484000384,0.06559271812438965,0.0004587472441956375,relu,0.3,0.0005,2,16,rmsprop,"{'model__activation': 'relu', 'model__dropout_rate': 0.3, 'model__learning_rate': 0.0005, 'model__n_layers': 2, 'model__n_neurons': 16, 'model__optimizer': 'rmsprop'}",0.8414239482200647,0.8220064724919094,0.8576051779935275,0.827922077922078,0.8506493506493507,0.8399214054553858,0.01337902043023025,42
0.5599614143371582,0.002786220556070682,0.07051043510437012,0.000939568137873804,relu,0.3,0.0005,3,16,rmsprop,"{'model__activation': 'relu', 'model__dropout_rate': 0.3, 'model__learning_rate': 0.0005, 'model__n_layers': 3, 'model__n_neurons': 16, 'model__optimizer': 'rmsprop'}",0.7572815533980582,0.6731391585760518,0.627831715210356,0.5941558441558441,0.7337662337662337,0.6772349010213088,0.06158382531598069,82
0.40368452072143557,0.0021301898989268277,0.05878262519836426,0.0011733435303181523,relu,0.3,0.0001,1,16,rmsprop,"{'model__activation': 'relu', 'model__dropout_rate': 0.3, 'model__learning_rate': 0.0001, 'model__n_layers': 1, 'model__n_neurons': 16, 'model__optimizer': 'rmsprop'}",0.6731391585760518,0.6084142394822006,0.6990291262135923,0.7175324675324676,0.6266233766233766,0.6649476736855379,0.041613909461115234,85
0.4796006202697754,0.0031243165011023426,0.06496381759643555,0.0004684172635404808,relu,0.3,0.0001,2,16,rmsprop,"{'model__activation': 'relu', 'model__dropout_rate': 0.3, 'model__learning_rate': 0.0001, 'model__n_layers': 2, 'model__n_neurons': 16, 'model__optimizer': 'rmsprop'}",0.5889967637540453,0.5889967637540453,0.5792880258899676,0.551948051948052,0.5681818181818182,0.5754822847055857,0.014049362098084252,112
0.5592645645141602,0.004480309980382683,0.07045073509216308,0.001124457580431449,relu,0.3,0.0001,3,16,rmsprop,"{'model__activation': 'relu', 'model__dropout_rate': 0.3, 'model__learning_rate': 0.0001, 'model__n_layers': 3, 'model__n_neurons': 16, 'model__optimizer': 'rmsprop'}",0.6957928802588996,0.5275080906148867,0.5598705501618123,0.6038961038961039,0.6136363636363636,0.6001407977136133,0.05699606389518941,101
0.403715181350708,0.0017407691647024898,0.37467231750488283,0.6316322624609794,relu,0.3,0.005,1,16,rmsprop,"{'model__activation': 'relu', 'model__dropout_rate': 0.3, 'model__learning_rate': 0.005, 'model__n_layers': 1, 'model__n_neurons': 16, 'model__optimizer': 'rmsprop'}",0.9158576051779935,0.8187702265372169,0.9029126213592233,0.8701298701298701,0.8798701298701299,0.8775080906148867,0.03354468510193987,9
0.5146533012390136,0.018077824977166507,0.07029161453247071,0.0028105436862079437,relu,0.3,0.005,2,16,rmsprop,"{'model__activation': 'relu', 'model__dropout_rate': 0.3, 'model__learning_rate': 0.005, 'model__n_layers': 2, 'model__n_neurons': 16, 'model__optimizer': 'rmsprop'}",0.8122977346278317,0.8511326860841424,0.9061488673139159,0.8506493506493507,0.8344155844155844,0.850928844618165,0.031030375429067742,33
0.5802103519439697,0.0035875096104409443,0.0745248794555664,0.0021191366225838085,relu,0.3,0.005,3,16,rmsprop,"{'model__activation': 'relu', 'model__dropout_rate': 0.3, 'model__learning_rate': 0.005, 'model__n_layers': 3, 'model__n_neurons': 16, 'model__optimizer': 'rmsprop'}",0.8705501618122977,0.7928802588996764,0.8446601941747572,0.8344155844155844,0.8961038961038961,0.8477220190812425,0.034802254984027725,37
0.41654582023620607,0.0051561710289382235,0.05974845886230469,0.0003055906976950973,relu,0.3,0.001,1,16,rmsprop,"{'model__activation': 'relu', 'model__dropout_rate': 0.3, 'model__learning_rate': 0.001, 'model__n_layers': 1, 'model__n_neurons': 16, 'model__optimizer': 'rmsprop'}",0.8640776699029126,0.86084142394822,0.9223300970873787,0.8084415584415584,0.8603896103896104,0.863216071953936,0.03608070256285559,26
0.4873500347137451,0.0036390406342116204,0.06577301025390625,0.0009352757853398126,relu,0.3,0.001,2,16,rmsprop,"{'model__activation': 'relu', 'model__dropout_rate': 0.3, 'model__learning_rate': 0.001, 'model__n_layers': 2, 'model__n_neurons': 16, 'model__optimizer': 'rmsprop'}",0.8478964401294499,0.8673139158576052,0.8220064724919094,0.8051948051948052,0.8701298701298701,0.8425083007607279,0.02537685399854674,38
0.563041877746582,0.0016189377588698424,0.0717545509338379,0.0011006342601380436,relu,0.3,0.001,3,16,rmsprop,"{'model__activation': 'relu', 'model__dropout_rate': 0.3, 'model__learning_rate': 0.001, 'model__n_layers': 3, 'model__n_neurons': 16, 'model__optimizer': 'rmsprop'}",0.7216828478964401,0.8478964401294499,0.86084142394822,0.7857142857142857,0.8506493506493507,0.8133568696675493,0.05292774825364783,51
0.40471491813659666,0.003102216855720412,0.059418535232543944,0.0006779508928168032,relu,0.3,0.05,1,16,rmsprop,"{'model__activation': 'relu', 'model__dropout_rate': 0.3, 'model__learning_rate': 0.05, 'model__n_layers': 1, 'model__n_neurons': 16, 'model__optimizer': 'rmsprop'}",0.5016181229773463,0.8543689320388349,0.9061488673139159,0.7305194805194806,0.8051948051948052,0.7595700416088766,0.14137675074027395,65
0.48644089698791504,0.01720267056389043,0.06443586349487304,0.0008671616478913121,relu,0.3,0.05,2,16,rmsprop,"{'model__activation': 'relu', 'model__dropout_rate': 0.3, 'model__learning_rate': 0.05, 'model__n_layers': 2, 'model__n_neurons': 16, 'model__optimizer': 'rmsprop'}",0.6957928802588996,0.598705501618123,0.5339805825242718,0.5324675324675324,0.788961038961039,0.6299815071659731,0.09930656541713002,93
0.559604263305664,0.00342228120818963,0.07056970596313476,0.0006212750549011118,relu,0.3,0.05,3,16,rmsprop,"{'model__activation': 'relu', 'model__dropout_rate': 0.3, 'model__learning_rate': 0.05, 'model__n_layers': 3, 'model__n_neurons': 16, 'model__optimizer': 'rmsprop'}",0.4692556634304207,0.7443365695792881,0.5339805825242718,0.5324675324675324,0.5324675324675324,0.562501576093809,0.09420859802754332,117
0.40306410789489744,0.003369544214434959,0.05912456512451172,0.0008774461229192063,relu,0.3,0.01,1,16,rmsprop,"{'model__activation': 'relu', 'model__dropout_rate': 0.3, 'model__learning_rate': 0.01, 'model__n_layers': 1, 'model__n_neurons': 16, 'model__optimizer': 'rmsprop'}",0.883495145631068,0.8478964401294499,0.9223300970873787,0.8181818181818182,0.8701298701298701,0.868406674231917,0.03487570149518371,18
0.482939624786377,0.003965259229011853,0.06444344520568848,0.0008308049396406384,relu,0.3,0.01,2,16,rmsprop,"{'model__activation': 'relu', 'model__dropout_rate': 0.3, 'model__learning_rate': 0.01, 'model__n_layers': 2, 'model__n_neurons': 16, 'model__optimizer': 'rmsprop'}",0.912621359223301,0.7281553398058253,0.8317152103559871,0.8246753246753247,0.8603896103896104,0.8315113688900098,0.060236243514805984,45
0.9597878932952881,0.7385383583197601,0.07449202537536621,0.0018836300688842283,relu,0.3,0.01,3,16,rmsprop,"{'model__activation': 'relu', 'model__dropout_rate': 0.3, 'model__learning_rate': 0.01, 'model__n_layers': 3, 'model__n_neurons': 16, 'model__optimizer': 'rmsprop'}",0.8867313915857605,0.8090614886731392,0.8770226537216829,0.8311688311688312,0.8928571428571429,0.8593683016013115,0.03319006746184118,28
0.4209007740020752,0.0032218984022728075,0.061872100830078124,0.000577426105866873,relu,0.3,0.1,1,16,rmsprop,"{'model__activation': 'relu', 'model__dropout_rate': 0.3, 'model__learning_rate': 0.1, 'model__n_layers': 1, 'model__n_neurons': 16, 'model__optimizer': 'rmsprop'}",0.7831715210355987,0.5566343042071198,0.9255663430420712,0.7987012987012987,0.5324675324675324,0.7193081998907241,0.15119288401420522,74
0.4966938018798828,0.0069006978428377335,0.06840009689331054,0.001907941126589222,relu,0.3,0.1,2,16,rmsprop,"{'model__activation': 'relu', 'model__dropout_rate': 0.3, 'model__learning_rate': 0.1, 'model__n_layers': 2, 'model__n_neurons': 16, 'model__optimizer': 'rmsprop'}",0.5307443365695793,0.5533980582524272,0.47249190938511326,0.7727272727272727,0.538961038961039,0.5736645231790862,0.10326575412563362,113
0.5705792427062988,0.0017169272706076255,0.07202835083007812,0.00031334527275510705,relu,0.3,0.1,3,16,rmsprop,"{'model__activation': 'relu', 'model__dropout_rate': 0.3, 'model__learning_rate': 0.1, 'model__n_layers': 3, 'model__n_neurons': 16, 'model__optimizer': 'rmsprop'}",0.5307443365695793,0.5307443365695793,0.5339805825242718,0.487012987012987,0.5357142857142857,0.5236393056781405,0.018413024176270488,125
0.40904717445373534,0.002837964732674468,0.059747314453125,0.0006943914425679921,relu,0.4,0.0005,1,16,rmsprop,"{'model__activation': 'relu', 'model__dropout_rate': 0.4, 'model__learning_rate': 0.0005, 'model__n_layers': 1, 'model__n_neurons': 16, 'model__optimizer': 'rmsprop'}",0.8381877022653722,0.86084142394822,0.8640776699029126,0.8344155844155844,0.7207792207792207,0.823660320262262,0.052777339434632406,49
0.48442749977111815,0.002057476884380059,0.06592354774475098,0.0011319335542752278,relu,0.4,0.0005,2,16,rmsprop,"{'model__activation': 'relu', 'model__dropout_rate': 0.4, 'model__learning_rate': 0.0005, 'model__n_layers': 2, 'model__n_neurons': 16, 'model__optimizer': 'rmsprop'}",0.7411003236245954,0.6731391585760518,0.7346278317152104,0.8311688311688312,0.8344155844155844,0.7628903459000547,0.06181692599957352,64
0.5604598999023438,0.0027077442676788905,0.07110862731933594,0.00155296466971867,relu,0.4,0.0005,3,16,rmsprop,"{'model__activation': 'relu', 'model__dropout_rate': 0.4, 'model__learning_rate': 0.0005, 'model__n_layers': 3, 'model__n_neurons': 16, 'model__optimizer': 'rmsprop'}",0.6601941747572816,0.7605177993527508,0.7119741100323624,0.7045454545454546,0.7012987012987013,0.7077060479973102,0.03198661900302865,77
0.40436840057373047,0.002107965853131085,0.05895743370056152,0.0004630614132058189,relu,0.4,0.0001,1,16,rmsprop,"{'model__activation': 'relu', 'model__dropout_rate': 0.4, 'model__learning_rate': 0.0001, 'model__n_layers': 1, 'model__n_neurons': 16, 'model__optimizer': 'rmsprop'}",0.6343042071197411,0.6634304207119741,0.6019417475728155,0.6590909090909091,0.672077922077922,0.6461690413146723,0.025428439944794604,89
0.47951860427856446,0.005005900965704308,0.06532497406005859,0.0012537171319748244,relu,0.4,0.0001,2,16,rmsprop,"{'model__activation': 'relu', 'model__dropout_rate': 0.4, 'model__learning_rate': 0.0001, 'model__n_layers': 2, 'model__n_neurons': 16, 'model__optimizer': 'rmsprop'}",0.6181229773462783,0.5469255663430421,0.6407766990291263,0.6428571428571429,0.6103896103896104,0.61181439919304,0.03479901020453145,99
0.5608333587646485,0.00468205327449326,0.0700082778930664,0.0008511445368142253,relu,0.4,0.0001,3,16,rmsprop,"{'model__activation': 'relu', 'model__dropout_rate': 0.4, 'model__learning_rate': 0.0001, 'model__n_layers': 3, 'model__n_neurons': 16, 'model__optimizer': 'rmsprop'}",0.48220064724919093,0.5501618122977346,0.6310679611650486,0.538961038961039,0.6461038961038961,0.5696990711553818,0.060969407458741694,115
0.4035752296447754,0.0021066815747891546,0.058406496047973634,0.0005578710393913355,relu,0.4,0.005,1,16,rmsprop,"{'model__activation': 'relu', 'model__dropout_rate': 0.4, 'model__learning_rate': 0.005, 'model__n_layers': 1, 'model__n_neurons': 16, 'model__optimizer': 'rmsprop'}",0.7896440129449838,0.7961165048543689,0.8381877022653722,0.8376623376623377,0.8798701298701299,0.8282961375194384,0.032787073482721814,46
0.9048628330230712,0.8491583411149275,0.06661138534545899,0.004169559757417367,relu,0.4,0.005,2,16,rmsprop,"{'model__activation': 'relu', 'model__dropout_rate': 0.4, 'model__learning_rate': 0.005, 'model__n_layers': 2, 'model__n_neurons': 16, 'model__optimizer': 'rmsprop'}",0.7734627831715211,0.8640776699029126,0.7152103559870551,0.7337662337662337,0.8214285714285714,0.7815891228512587,0.05504679621027664,55
0.5979111194610596,0.009451885247906452,0.07594828605651856,0.001524721380114831,relu,0.4,0.005,3,16,rmsprop,"{'model__activation': 'relu', 'model__dropout_rate': 0.4, 'model__learning_rate': 0.005, 'model__n_layers': 3, 'model__n_neurons': 16, 'model__optimizer': 'rmsprop'}",0.8414239482200647,0.8122977346278317,0.8511326860841424,0.5324675324675324,0.8214285714285714,0.7717500945656285,0.12043608132243441,57
0.4284494400024414,0.010333946428858968,0.06349701881408691,0.003810829560428595,relu,0.4,0.001,1,16,rmsprop,"{'model__activation': 'relu', 'model__dropout_rate': 0.4, 'model__learning_rate': 0.001, 'model__n_layers': 1, 'model__n_neurons': 16, 'model__optimizer': 'rmsprop'}",0.8543689320388349,0.8317152103559871,0.9093851132686084,0.8766233766233766,0.8603896103896104,0.8664964485352835,0.02583058997740077,20
0.49911723136901853,0.005254580720163443,0.06706342697143555,0.0007441609451887042,relu,0.4,0.001,2,16,rmsprop,"{'model__activation': 'relu', 'model__dropout_rate': 0.4, 'model__learning_rate': 0.001, 'model__n_layers': 2, 'model__n_neurons': 16, 'model__optimizer': 'rmsprop'}",0.8090614886731392,0.7864077669902912,0.8381877022653722,0.7727272727272727,0.6396103896103896,0.769198924053293,0.06848395046421005,59
0.5690758228302002,0.0013346219915463732,0.07176532745361328,0.00032067370148760384,relu,0.4,0.001,3,16,rmsprop,"{'model__activation': 'relu', 'model__dropout_rate': 0.4, 'model__learning_rate': 0.001, 'model__n_layers': 3, 'model__n_neurons': 16, 'model__optimizer': 'rmsprop'}",0.8187702265372169,0.7508090614886731,0.8187702265372169,0.788961038961039,0.6915584415584416,0.7737737990165174,0.048097304307134624,56
0.40694489479064944,0.003962162952829868,0.0597684383392334,0.0014575510984066247,relu,0.4,0.05,1,16,rmsprop,"{'model__activation': 'relu', 'model__dropout_rate': 0.4, 'model__learning_rate': 0.05, 'model__n_layers': 1, 'model__n_neurons': 16, 'model__optimizer': 'rmsprop'}",0.8964401294498382,0.8025889967637541,0.8867313915857605,0.8344155844155844,0.7175324675324676,0.827541713949481,0.06484185698223235,48
0.4830044746398926,0.0014104664332640871,0.06572885513305664,0.000747145618247975,relu,0.4,0.05,2,16,rmsprop,"{'model__activation': 'relu', 'model__dropout_rate': 0.4, 'model__learning_rate': 0.05, 'model__n_layers': 2, 'model__n_neurons': 16, 'model__optimizer': 'rmsprop'}",0.8478964401294499,0.5857605177993528,0.3106796116504854,0.6461038961038961,0.5324675324675324,0.5845815996301432,0.17370046807885525,108
0.5586991310119629,0.0020043536257838748,0.07024917602539063,0.0008395005012406784,relu,0.4,0.05,3,16,rmsprop,"{'model__activation': 'relu', 'model__dropout_rate': 0.4, 'model__learning_rate': 0.05, 'model__n_layers': 3, 'model__n_neurons': 16, 'model__optimizer': 'rmsprop'}",0.5307443365695793,0.5275080906148867,0.5339805825242718,0.5292207792207793,0.538961038961039,0.5320829655781112,0.004045302530862536,123
0.40033955574035646,0.0007347741636845162,0.059125661849975586,0.0007420935054639579,relu,0.4,0.01,1,16,rmsprop,"{'model__activation': 'relu', 'model__dropout_rate': 0.4, 'model__learning_rate': 0.01, 'model__n_layers': 1, 'model__n_neurons': 16, 'model__optimizer': 'rmsprop'}",0.9093851132686084,0.8543689320388349,0.9158576051779935,0.8571428571428571,0.9025974025974026,0.8878703820451392,0.026569085011713737,1
0.47974405288696287,0.0035007787298893807,0.06382975578308106,0.0005953395962838051,relu,0.4,0.01,2,16,rmsprop,"{'model__activation': 'relu', 'model__dropout_rate': 0.4, 'model__learning_rate': 0.01, 'model__n_layers': 2, 'model__n_neurons': 16, 'model__optimizer': 'rmsprop'}",0.7378640776699029,0.8155339805825242,0.6893203883495146,0.8733766233766234,0.7272727272727273,0.7686735594502585,0.06651136669859048,60
0.5602234840393067,0.0012449254134132767,0.07020802497863769,0.0007490013128198665,relu,0.4,0.01,3,16,rmsprop,"{'model__activation': 'relu', 'model__dropout_rate': 0.4, 'model__learning_rate': 0.01, 'model__n_layers': 3, 'model__n_neurons': 16, 'model__optimizer': 'rmsprop'}",0.8187702265372169,0.7928802588996764,0.6375404530744336,0.6103896103896104,0.5324675324675324,0.6784096162736939,0.10990971791749553,81
0.40228447914123533,0.0037400407562442396,0.05945005416870117,0.0007044586577822995,relu,0.4,0.1,1,16,rmsprop,"{'model__activation': 'relu', 'model__dropout_rate': 0.4, 'model__learning_rate': 0.1, 'model__n_layers': 1, 'model__n_neurons': 16, 'model__optimizer': 'rmsprop'}",0.7669902912621359,0.5307443365695793,0.5339805825242718,0.4935064935064935,0.4967532467532468,0.5643949901231455,0.10266727143199929,116
0.4799820899963379,0.0029738283759495484,0.06446681022644044,0.0006905763189936862,relu,0.4,0.1,2,16,rmsprop,"{'model__activation': 'relu', 'model__dropout_rate': 0.4, 'model__learning_rate': 0.1, 'model__n_layers': 2, 'model__n_neurons': 16, 'model__optimizer': 'rmsprop'}",0.5307443365695793,0.5307443365695793,0.5372168284789643,0.5324675324675324,0.5324675324675324,0.5327281133106375,0.0023729774095292656,122
1.0473054885864257,0.9772382234104986,0.07237372398376465,0.00375022386233452,relu,0.4,0.1,3,16,rmsprop,"{'model__activation': 'relu', 'model__dropout_rate': 0.4, 'model__learning_rate': 0.1, 'model__n_layers': 3, 'model__n_neurons': 16, 'model__optimizer': 'rmsprop'}",0.5307443365695793,0.5307443365695793,0.5501618122977346,0.5324675324675324,0.5324675324675324,0.5353171100743916,0.007462250119466365,121
0.43710551261901853,0.008685104806111026,0.06252107620239258,0.0014400523987766227,relu,0.5,0.0005,1,16,rmsprop,"{'model__activation': 'relu', 'model__dropout_rate': 0.5, 'model__learning_rate': 0.0005, 'model__n_layers': 1, 'model__n_neurons': 16, 'model__optimizer': 'rmsprop'}",0.7734627831715211,0.8446601941747572,0.8543689320388349,0.814935064935065,0.8506493506493507,0.8276152649939057,0.030430695602202306,47
0.5137371063232422,0.004807498160324279,0.06908726692199707,0.0008905842171737098,relu,0.5,0.0005,2,16,rmsprop,"{'model__activation': 'relu', 'model__dropout_rate': 0.5, 'model__learning_rate': 0.0005, 'model__n_layers': 2, 'model__n_neurons': 16, 'model__optimizer': 'rmsprop'}",0.5663430420711975,0.6796116504854369,0.7475728155339806,0.7662337662337663,0.7012987012987013,0.6922119951246166,0.07018315081473228,79
0.5872543334960938,0.005496582578108822,0.07639451026916504,0.0035088187316181362,relu,0.5,0.0005,3,16,rmsprop,"{'model__activation': 'relu', 'model__dropout_rate': 0.5, 'model__learning_rate': 0.0005, 'model__n_layers': 3, 'model__n_neurons': 16, 'model__optimizer': 'rmsprop'}",0.6213592233009708,0.517799352750809,0.7605177993527508,0.6201298701298701,0.577922077922078,0.6195456646912957,0.07995199561093898,96
0.4151725769042969,0.005278797192869045,0.06037392616271973,0.001088191212270357,relu,0.5,0.0001,1,16,rmsprop,"{'model__activation': 'relu', 'model__dropout_rate': 0.5, 'model__learning_rate': 0.0001, 'model__n_layers': 1, 'model__n_neurons': 16, 'model__optimizer': 'rmsprop'}",0.6537216828478964,0.6828478964401294,0.6375404530744336,0.6136363636363636,0.6136363636363636,0.6402765519270374,0.026153303502187766,91
0.4950394153594971,0.002251455199819654,0.06754236221313477,0.0010267090047537393,relu,0.5,0.0001,2,16,rmsprop,"{'model__activation': 'relu', 'model__dropout_rate': 0.5, 'model__learning_rate': 0.0001, 'model__n_layers': 2, 'model__n_neurons': 16, 'model__optimizer': 'rmsprop'}",0.6116504854368932,0.6375404530744336,0.598705501618123,0.5194805194805194,0.5584415584415584,0.5851637036103056,0.04160915165943378,107
0.5693621158599853,0.0038833709895385363,0.07227854728698731,0.0012709181970540933,relu,0.5,0.0001,3,16,rmsprop,"{'model__activation': 'relu', 'model__dropout_rate': 0.5, 'model__learning_rate': 0.0001, 'model__n_layers': 3, 'model__n_neurons': 16, 'model__optimizer': 'rmsprop'}",0.5889967637540453,0.5275080906148867,0.627831715210356,0.5941558441558441,0.4383116883116883,0.5553608204093641,0.06688009423925224,118
0.4101252555847168,0.005040903770912541,0.060679149627685544,0.0007323341608920546,relu,0.5,0.005,1,16,rmsprop,"{'model__activation': 'relu', 'model__dropout_rate': 0.5, 'model__learning_rate': 0.005, 'model__n_layers': 1, 'model__n_neurons': 16, 'model__optimizer': 'rmsprop'}",0.8478964401294499,0.7864077669902912,0.912621359223301,0.8733766233766234,0.9090909090909091,0.8658786197621149,0.046362443689256135,22
0.48546581268310546,0.004503053027084741,0.06529722213745118,0.0002798647260819945,relu,0.5,0.005,2,16,rmsprop,"{'model__activation': 'relu', 'model__dropout_rate': 0.5, 'model__learning_rate': 0.005, 'model__n_layers': 2, 'model__n_neurons': 16, 'model__optimizer': 'rmsprop'}",0.8932038834951457,0.8737864077669902,0.5339805825242718,0.7272727272727273,0.8116883116883117,0.7679863825494895,0.13053677080500423,61
0.5632816314697265,0.003174029358086039,0.07182788848876953,0.0015419495504982884,relu,0.5,0.005,3,16,rmsprop,"{'model__activation': 'relu', 'model__dropout_rate': 0.5, 'model__learning_rate': 0.005, 'model__n_layers': 3, 'model__n_neurons': 16, 'model__optimizer': 'rmsprop'}",0.8090614886731392,0.6893203883495146,0.8414239482200647,0.5324675324675324,0.7207792207792207,0.7186105156978944,0.10842171624518683,75
0.40667548179626467,0.0021972907995397796,0.06035866737365723,0.0009467131783859624,relu,0.5,0.001,1,16,rmsprop,"{'model__activation': 'relu', 'model__dropout_rate': 0.5, 'model__learning_rate': 0.001, 'model__n_layers': 1, 'model__n_neurons': 16, 'model__optimizer': 'rmsprop'}",0.8705501618122977,0.8737864077669902,0.883495145631068,0.8474025974025974,0.8701298701298701,0.8690728365485647,0.011858497606971236,15
0.4833414554595947,0.0028075329703807976,0.06421103477478027,0.00040608261484674545,relu,0.5,0.001,2,16,rmsprop,"{'model__activation': 'relu', 'model__dropout_rate': 0.5, 'model__learning_rate': 0.001, 'model__n_layers': 2, 'model__n_neurons': 16, 'model__optimizer': 'rmsprop'}",0.7928802588996764,0.8220064724919094,0.8414239482200647,0.6948051948051948,0.8214285714285714,0.7945088891690834,0.05220208473550987,53
0.5592574119567871,0.0025395379099948778,0.06985230445861816,0.0008053762860503788,relu,0.5,0.001,3,16,rmsprop,"{'model__activation': 'relu', 'model__dropout_rate': 0.5, 'model__learning_rate': 0.001, 'model__n_layers': 3, 'model__n_neurons': 16, 'model__optimizer': 'rmsprop'}",0.7443365695792881,0.6634304207119741,0.8511326860841424,0.6461038961038961,0.7922077922077922,0.7394422729374186,0.07716573957532721,72
0.40203242301940917,0.001928302886630645,0.058506345748901366,0.00045201882976884076,relu,0.5,0.05,1,16,rmsprop,"{'model__activation': 'relu', 'model__dropout_rate': 0.5, 'model__learning_rate': 0.05, 'model__n_layers': 1, 'model__n_neurons': 16, 'model__optimizer': 'rmsprop'}",0.627831715210356,0.5631067961165048,0.48220064724919093,0.7564935064935064,0.4707792207792208,0.5800823771697559,0.10508764840252943,111
0.4832905769348145,0.0029261260128245715,0.0638880729675293,0.000433361430451858,relu,0.5,0.05,2,16,rmsprop,"{'model__activation': 'relu', 'model__dropout_rate': 0.5, 'model__learning_rate': 0.05, 'model__n_layers': 2, 'model__n_neurons': 16, 'model__optimizer': 'rmsprop'}",0.5339805825242718,0.8090614886731392,0.6893203883495146,0.5162337662337663,0.5324675324675324,0.616212751649645,0.11515776206153841,98
1.1199570655822755,1.1190739837503958,0.07240815162658691,0.003785888177804468,relu,0.5,0.05,3,16,rmsprop,"{'model__activation': 'relu', 'model__dropout_rate': 0.5, 'model__learning_rate': 0.05, 'model__n_layers': 3, 'model__n_neurons': 16, 'model__optimizer': 'rmsprop'}",0.7119741100323624,0.5307443365695793,0.6407766990291263,0.5324675324675324,0.5324675324675324,0.5896860421132265,0.07427875486844965,105
0.445208215713501,0.011457075336289434,0.06239581108093262,0.0011521698351159195,relu,0.5,0.01,1,16,rmsprop,"{'model__activation': 'relu', 'model__dropout_rate': 0.5, 'model__learning_rate': 0.01, 'model__n_layers': 1, 'model__n_neurons': 16, 'model__optimizer': 'rmsprop'}",0.8770226537216829,0.8737864077669902,0.8478964401294499,0.8181818181818182,0.8311688311688312,0.8496112301937545,0.023094137250393734,35
0.5125942707061768,0.0024770715720027633,0.06685395240783691,0.0005422259431909519,relu,0.5,0.01,2,16,rmsprop,"{'model__activation': 'relu', 'model__dropout_rate': 0.5, 'model__learning_rate': 0.01, 'model__n_layers': 2, 'model__n_neurons': 16, 'model__optimizer': 'rmsprop'}",0.7378640776699029,0.5631067961165048,0.8932038834951457,0.8311688311688312,0.7012987012987013,0.7453284579498172,0.11352073082887135,68
0.5853753566741944,0.0016837772328661238,0.07309226989746094,0.0011989602589732753,relu,0.5,0.01,3,16,rmsprop,"{'model__activation': 'relu', 'model__dropout_rate': 0.5, 'model__learning_rate': 0.01, 'model__n_layers': 3, 'model__n_neurons': 16, 'model__optimizer': 'rmsprop'}",0.5307443365695793,0.5307443365695793,0.7928802588996764,0.5324675324675324,0.5844155844155844,0.5942504097843904,0.1014235745273021,103
0.4187472343444824,0.005250480203750843,0.06086721420288086,0.0006650620447535027,relu,0.5,0.1,1,16,rmsprop,"{'model__activation': 'relu', 'model__dropout_rate': 0.5, 'model__learning_rate': 0.1, 'model__n_layers': 1, 'model__n_neurons': 16, 'model__optimizer': 'rmsprop'}",0.8576051779935275,0.540453074433657,0.5598705501618123,0.8311688311688312,0.551948051948052,0.668209137141176,0.144223592442865,83
0.49639010429382324,0.0033561600090449006,0.06607580184936523,0.0008026324549972103,relu,0.5,0.1,2,16,rmsprop,"{'model__activation': 'relu', 'model__dropout_rate': 0.5, 'model__learning_rate': 0.1, 'model__n_layers': 2, 'model__n_neurons': 16, 'model__optimizer': 'rmsprop'}",0.5307443365695793,0.5436893203883495,0.46601941747572817,0.551948051948052,0.5324675324675324,0.5249737317698483,0.030472792156132997,124
0.571449089050293,0.0026300190123191,0.07148818969726563,0.00041033236365047737,relu,0.5,0.1,3,16,rmsprop,"{'model__activation': 'relu', 'model__dropout_rate': 0.5, 'model__learning_rate': 0.1, 'model__n_layers': 3, 'model__n_neurons': 16, 'model__optimizer': 'rmsprop'}",0.5372168284789643,0.5307443365695793,0.5631067961165048,0.5324675324675324,0.5324675324675324,0.5392006052200227,0.012145932242578457,120
